nombre,precio,link
Character of Islay Octomore 9 Year Old Release #11941 Wind & Waves 2 ,£186.95,https://www.whiskyshop.com/octomore-9-year-old-release-11941-the-stories-of-the-wind-and-the-waves-2-the-character-of-islay-whisky-company
The Octave Glen Elgin 2010 10 Year Old TWS Exclusive ,£105.00,https://www.whiskyshop.com/the-octave-glen-elgin-2010-10-year-old-tws-exclusive
The Octave Bunnahabhain Peated 2014 6 Year Old TWS Exclusive,£76.00,https://www.whiskyshop.com/the-octave-bunnahabhain-peated-2014-6-year-old
Gordon & MacPhail Smith's Glenlivet 1966 47 Year Old,£999.00,https://www.whiskyshop.com/gordon-macphail-smith-s-glenlivet-1966-47-year-old
Gordon & MacPhail Glenlivet 1949 ,"£3,850.00",https://www.whiskyshop.com/glenlivet-1949-gordon-macphail
Port Charlotte Islay Barley 2013 ,£65.00,https://www.whiskyshop.com/port-charlotte-islay-barley-2013
Bruichladdich Bere Barley 2011 ,£70.00,https://www.whiskyshop.com/bruichladdich-bere-barley-2011
Glen Grant 1950 68 Year Old ,"£4,999.99",https://www.whiskyshop.com/glen-grant-1950-68-year-old
Linkwood 1981 Private Collection ,"£1,250.00",https://www.whiskyshop.com/linkwood-1981-private-collection
Linkwood 1980 40 Year Old Private Collection ,£999.99,https://www.whiskyshop.com/linkwood-1980-40-year-old-private-collection
Rare Auld Grain Strathclyde Sherry Cask 1990 30 Year Old,£200.00,https://www.whiskyshop.com/rare-auld-grain-strathclyde-sherry-cask-1990-30-year-old
Dimensions Linkwood 2009 12 Year Old,£89.99,https://www.whiskyshop.com/dimensions-linkwood-2009-12-year-old
Dimensions Highland Park 2007 13 Year Old,£114.00,https://www.whiskyshop.com/dimensions-highland-park-2007-13-year-old
Dimensions Glen Garioch 2011 10 Year Old,£85.00,https://www.whiskyshop.com/dimensions-glengarioch-2011-10-year-old
Dimensions Brackla Sherry Cask 2011 10 Year Old,£75.00,https://www.whiskyshop.com/dimensions-brackla-sherry-cask-2011-10-year-old
Dimensions Benriach 2008 12 Year Old,£93.99,https://www.whiskyshop.com/dimensions-benriach-2008-12-year-old
Dimensions Auchindoun Sherry Cask 2008 13 Year Old,£90.00,https://www.whiskyshop.com/dimensions-auchindoun-sherry-cask-2008-13-year-old
Benromach 2012 Peat Smoke Sherry Cask Matured,£49.99,https://www.whiskyshop.com/benromach-2012-peat-smoke-sherry-cask-matured
Singleton of Dufftown 25 Year Old,£330.00,https://www.whiskyshop.com/singleton-of-dufftown-25-year-old
Singleton of Dufftown 21 Year Old,£180.00,https://www.whiskyshop.com/singleton-of-duffton-21-year-old
Character of Islay Bunnahabhain 19 Year Old Wind & Waves 2,£264.95,https://www.whiskyshop.com/bunnahabhain-19yo-wind-and-the-waves-2
Character of Islay Bowmore 18 Year Old Wind & Waves 2,£264.95,https://www.whiskyshop.com/bowmore-18yo-2002-wind-and-the-waves-2
Highland Park 2008 13yo Octave TWS Exclusive 70cl,£129.00,https://www.whiskyshop.com/highland-park-2008-13yo-octave-tws-exclusive-70cl
Loch Lomond 12 Year Old & Glass 20cl,£26.00,https://www.whiskyshop.com/loch-lomond-12yo-glass-20cl
Rare Find Allt a Bhaine 24 Year Old,£150.00,https://www.whiskyshop.com/allt-a-bhaine-1996-rare-find-tws-exclusive
The Octave Laphroaig 2004 16 Year Old,£365.00,https://www.whiskyshop.com/laphroaig-16yo-2004-first-fill-sherry-octave
Gordon & MacPhail Linkwood 25 Year Old Distillery Label,£180.00,https://www.whiskyshop.com/gordon-macphail-linkwood-25-year-old-distillery-label
The MacPhail's Collection Old Pulteney 2005 ,£40.25,https://www.whiskyshop.com/macphails-collection-old-pulteney-2005
Littlemill 1991 Connoisseurs Choice,£350.00,https://www.whiskyshop.com/connoisseurs-choice-littlemill-1991
GlenDronach 1993 26 Year Old #8635,£385.00,https://www.whiskyshop.com/glendronach-1993-26-year-old-8635-tws-exclusive
Strathclyde 31 Year Old Batch 4 That Boutique-y Whisky Company,£69.95,https://www.whiskyshop.com/strathclyde-31-year-old-batch-4-that-boutiquey-whisky-company
Blended Malt #1 25 Year Old That Boutique-y Whisky Company,£125.95,https://www.whiskyshop.com/blended-malt-25-year-old-that-boutique-y-whisky-company
Loch Lomond 25 Year Old Lee Westwood,£385.00,https://www.whiskyshop.com/loch-lomond-25-year-old
The MacPhail's Collection Glen Scotia 1992,£199.00,https://www.whiskyshop.com/macphails-collection-glen-scotia-1992
Benromach 1977 #1266,£999.00,https://www.whiskyshop.com/benromach-1977-1266
Ailsa Bay 1.2 Gift Set,£65.00,https://www.whiskyshop.com/ailsa-bay-gift-pack
Glenturret 30 Year Old Platinum Old & Rare,£455.00,https://www.whiskyshop.com/glenturret-30-year-old-platinum-old-rare
Clynelish 27 Year Old Platinum Old & Rare,£490.00,https://www.whiskyshop.com/clynelish-27-year-old-platinium-old-rare
The Octave An Iconic Speyside 2010 10 Year Old,£85.00,https://www.whiskyshop.com/the-octave-iconic-speyside-2010-10-year-old
The Octave Blair Athol 2008 12 Year Old,£95.00,https://www.whiskyshop.com/the-octave-blair-athol-2008-12-year-old
Balvenie 25 Year Old Rare Marriages,£600.00,https://www.whiskyshop.com/balvenie-rare-marriages-25-year-old
Aberfeldy 15 Year Old,£62.99,https://www.whiskyshop.com/aberfeldy-15-year-old
Black Bull Peated Edition,£32.00,https://www.whiskyshop.com/black-bull-peated-edition
Black Bull Kyloe,£28.00,https://www.whiskyshop.com/black-bull-kyloe
Black Bull 12 Year Old ,£40.00,https://www.whiskyshop.com/black-bull-12-year-old
The Kinship Laphroaig 1997 23 Year Old,£519.00,https://www.whiskyshop.com/laphroaig-1997-23-year-old-kinship
The Kinship Ardbeg 2001 19 Year Old,£486.50,https://www.whiskyshop.com/ardbeg-2001-19-year-old-kinship
Macallan Rare Cask 2021 Release,£240.00,https://www.whiskyshop.com/macallan-rare-cask-2021-release
The Kinship Bruichladdich 1991 29 Year Old,£512.00,https://www.whiskyshop.com/bruichladdich-29-year-old-the-kinship-1991
Velvet Fig Small Batch,£40.49,https://www.whiskyshop.com/velvet-fig-small-batch
Laphroaig 16 Year Old ,£89.00,https://www.whiskyshop.com/laphroaig-16-year-old
Balblair 2006 #78,£185.00,https://www.whiskyshop.com/balblair-2006-78-the-w-club-exclusive
Gordon & MacPhail Smith's Glenlivet 1974 34 Years Old,£650.00,https://www.whiskyshop.com/gordon-macphail-smith-s-glenlivet-1974-34-years-old
Fettercairn 16 Year Old 1st Release 2020 1 litre,£100.00,https://www.whiskyshop.com/fettercairn-16-year-old-1st-release
MacPhail's 21 Year Old Gordon & MacPhail,£125.00,https://www.whiskyshop.com/macphail-s-21-year-old-gordon-macphail
Glenlivet 1979 39 Year Old Gordon & MacPhail Archive,"£1,149.00",https://www.whiskyshop.com/glenlivet-1979-39-year-old-cask-19236-g-m-archive
Gordon & Macphail Glen Grant 1966 45 Year Old,£780.00,https://www.whiskyshop.com/gordon-macphail-glen-grant-1966-45-year-old
Gordon & Macphail Glen Grant 1962 43 Year Old Sherry Cask,"£1,499.00",https://www.whiskyshop.com/gordon-macphail-glen-grant-1962-43-year-old-sherry-cask
Linkwood 1966 Private Collection,"£6,500.00",https://www.whiskyshop.com/linkwood-1966-private-collection
Old Pulteney 1982 Private Collection,"£1,200.00",https://www.whiskyshop.com/old-pulteney-1982-private-collection
Glen Moray Warehouse 1 Tokaji Finish,£74.95,https://www.whiskyshop.com/glen-moray-warehouse-1-tokaji-finish
Glen Scotia Dunnage Tasting Pack,£50.00,https://www.whiskyshop.com/glen-scotia-dunnage-tasting-pack
Laphroaig 15 Year Old 2004 The Character of Islay Whisky Company,£264.95,https://www.whiskyshop.com/laphroaig-15-year-old-2004-the-character-of-islay-whisky-company
Invergordon 50 Year Old That Boutique-y Whisky Company,£349.95,https://www.whiskyshop.com/invergordon-50-year-old-that-boutique-y-whisky-company
Highland Single Malt #1 42 Year Old That Boutique-y Whisky Company,£399.95,https://www.whiskyshop.com/highland-single-malt-1-42-year-old-that-boutique-y-whisky-company
Green Isle,£29.95,https://www.whiskyshop.com/green-isle
Grace Ile 25 Year Old The Character of Islay Whisky Company,£299.95,https://www.whiskyshop.com/grace-ile-25-year-old-the-character-of-islay-whisky-company
Fiona Macleod 33 Year Old The Character of Islay Whisky Company ,£399.95,https://www.whiskyshop.com/fiona-macleod-33-year-old-the-character-of-islay-whisky-company
Darkness Inchfad 13 Year Old Pedro Ximénez Cask,£64.95,https://www.whiskyshop.com/darkness-inchfad-13-year-old-pedro-ximinez-cask
Darkness Glen Elgin 12 Year Old Moscatel Cask,£64.95,https://www.whiskyshop.com/darkness-glen-elgin-12-year-old-moscatel-cask
Darkness Dalmore 14 Year Old Oloroso Cask,£128.95,https://www.whiskyshop.com/darkness-dalmore-14-year-old-oloroso-cask
Darkness Caperdonich 24 Year Old Pedro Ximinez Cask,£335.95,https://www.whiskyshop.com/darkness-caperdonich-24-year-old-pedro-ximinez-cask
Darkness Balmenach 18 Year Old Moscatel Cask,£89.95,https://www.whiskyshop.com/darkness-balmenach-18-year-old-moscatel-cask
Darkness Auchroisk 21 Year Old Moscatel Cask ,£119.95,https://www.whiskyshop.com/darkness-auchroisk-21-year-old-moscatel-cask
Rare Find Speyside 1982 39 Year Old,£385.00,https://www.whiskyshop.com/rare-find-speyside-1982-39-year-old
Port Charlotte Pac: 01 2011,£90.00,https://www.whiskyshop.com/port-charlotte-pac-01-2001
Glenmorangie Grand Vintage Malt 1993,£650.00,https://www.whiskyshop.com/glenmorangie-grand-vintage-malt-1993
Laphroaig 10 Year Old Cask Strength 2021 Batch 13,£74.00,https://www.whiskyshop.com/laphroaig-10-year-old-cask-strength-2021
Personalised Famous Grouse,£25.00,https://www.whiskyshop.com/personalised-famous-grouse
Aerstone 10 Year Old Land Cask,£30.00,https://www.whiskyshop.com/aerstone-10-year-old-land-cask
Aerstone 10 Year Old Sea Cask ,£30.00,https://www.whiskyshop.com/aerstone-10-year-old-sea-cask
Linkwood 12 year old Flora and Fauna,£48.00,https://www.whiskyshop.com/linkwood-12-year-old-flora-and-fauna
Talisker 43 Year Old Xpedition Oak,"£3,500.00",https://www.whiskyshop.com/talisker-43-year-old-xpedition-oak
Arran 1996 TWS Exclusive Single Cask #736,,https://www.whiskyshop.com/arran-1996-736-the-whisky-shop-exclusive
Laphroaig 10 Year Old Sherry Oak Finish,£65.00,https://www.whiskyshop.com/laphroaig-10-year-old-sherry-oak
Kingsbarns Balcomie,£49.95,https://www.whiskyshop.com/kingsbarns-balcomie
Kilchoman 2012 Sherry Cask The W Club Exclusive,£110.00,https://www.whiskyshop.com/kilchoman-2012-sherry-cask-the-w-club-exclusive
Glenturret 30 Year Old,"£1,500.00",https://www.whiskyshop.com/glenturret-30-year-old
Glenturret 12 Year Old,£64.95,https://www.whiskyshop.com/glenturret-12-year-old
Golden Cask Caol Ila 35 Year Old,£650.00,https://www.whiskyshop.com/caol-ila-35-year-old-golden-cask
Longmorn 1987 33 Year Old Connoisseurs Choice,£840.00,https://www.whiskyshop.com/longmorn-1987-33-year-old-connoisseurs-choice
Balmenach 1987 32 Year Old Connoisseurs Choice,£495.00,https://www.whiskyshop.com/balmenach-1987-32-year-old-connoisseurs-choice
Strathisla 1987 33 Year Old Connoisseurs Choice,£750.00,https://www.whiskyshop.com/strathisla-1987-33-year-old-connoisseurs-choice
Benrinnes 1990 30 Year Old Connoisseurs Choice,£495.00,https://www.whiskyshop.com/benrinnes-1990-30-year-old-connoisseurs-choice
Littlemill Testament 1976,"£7,999.00",https://www.whiskyshop.com/littlemill-testament-1976
Glenfiddich Grande Couronne 26 Year Old,£450.00,https://www.whiskyshop.com/glenfiddich-grande-couronne-26-year-old
Benriach 21 Year Old The Twenty One,£145.00,https://www.whiskyshop.com/benriach-21-year-old-the-twenty-one
Benriach 25 Year Old The Twenty Five,£325.00,https://www.whiskyshop.com/benriach-25-year-old
anCnoc 24 Year Old,£120.00,https://www.whiskyshop.com/ancnoc-24-year-old
Ledaig Sinclair Series Rioja Cask Finish,£36.00,https://www.whiskyshop.com/ledaig-sinclair-series-rioja-cask-finish
