precio,titulo
16999 pesos,TCL L10 Lite 32 GB power grey 2 GB RAM
33900 pesos,Blackview BV6300 Dual SIM 32 GB black 3 GB RAM
,Samsung Galaxy A21s 64 GB blanco 4 GB RAM
26999 pesos,LG K51S 64 GB titan 3 GB RAM
42456 pesos,Moto G9 Plus 128 GB azul dive 4 GB RAM
11854 pesos,Alcatel 1 8 GB negro metálico 1 GB RAM
19999 pesos,Samsung Galaxy A02 32 GB negro 2 GB RAM
11937 pesos,Quantum UP32 Dual SIM 32 GB negro 1 GB RAM
15659 pesos con 13 centavos ,ZTE Blade A5 Plus 32 GB negro 2 GB RAM
6200 pesos,Nokia 106 (2018) 4 MB gris oscuro 4 MB RAM
29999 pesos,Samsung Galaxy M12 (5000 mAh) Dual SIM 128 GB black 4 GB RAM
24999 pesos,LG K50 32 GB aurora black 3 GB RAM
17999 pesos, Moto E6i 32 GB gris metálico 2 GB RAM
,Samsung Galaxy S21+ 5G 128 GB phantom silver 8 GB RAM
, Moto E6s (2020) 32 GB electric pink 2 GB RAM
22999 pesos,LG K22+ 64 GB titan 3 GB RAM
,Xiaomi Redmi Note 10S Dual SIM 128 GB azul océano 6 GB RAM
177299 pesos,Apple iPhone 11 (128 GB) - Negro
24999 pesos,LG K42 64 GB gray 3 GB RAM
32796 pesos,Xiaomi Redmi 9 (Global) Dual SIM 64 GB carbon grey 4 GB RAM
19999 pesos,LG K22 32 GB blue 2 GB RAM
44999 pesos,Samsung Galaxy A32 128 GB awesome black 4 GB RAM
30999 pesos,Samsung Galaxy A12 64 GB azul 4 GB RAM
58999 pesos,Samsung Galaxy A52 128 GB awesome black 6 GB RAM
,Samsung Galaxy A72 128 GB awesome blue 6 GB RAM
,Realme 8 Pro Dual SIM 128 GB infinite black 8 GB RAM
,Ulefone Armor X5 Pro Dual SIM 64 GB negro 4 GB RAM
59159 pesos con 13 centavos ,Xiaomi Redmi Note 9S Dual SIM 128 GB gris interestelar 6 GB RAM
15499 pesos,Samsung Galaxy A01 Core 16 GB negro 1 GB RAM
13535 pesos con 53 centavos ,Kodak Smartway T1 Dual SIM 16 GB azul 1 GB RAM
68300 pesos,Xiaomi Poco X3 NFC Dual SIM 128 GB  shadow gray 6 GB RAM
24968 pesos con 13 centavos ,Alcatel 3X (2019) 64 GB jewelry black 4 GB RAM
,BLU C5 (2019) Dual SIM 16 GB negro 1 GB RAM
26999 pesos,Xiaomi Redmi 9A Dual SIM 32 GB azul celeste 2 GB RAM
21899 pesos,LG K40S 32 GB aurora black 2 GB RAM
,Noblex N405 Dual SIM 8 GB negro 2 GB RAM
207910 pesos,Apple iPhone 12 mini (128 GB) - Negro
